{"cameraMode":{"drawMode":0,"name":"Shaded","section":"Shading Mode"},"sceneLighting":true,"audioPlay":false,"sceneViewState":{"showFog":true,"showMaterialUpdate":false,"showSkybox":true,"showFlares":true,"showImageEffects":true,"showParticleSystems":true},"in2DMode":false,"pivot":{"x":2.079308032989502,"y":3.8111348152160646,"z":-3.99550199508667},"rotation":{"x":-0.28191423416137698,"y":0.3690918982028961,"z":-0.1185590997338295,"w":-0.877638041973114},"size":117.17752838134766,"orthographic":false}